<?xml version="1.0" encoding="UTF-8"?>
<metadata xml:lang="fi"><Esri><CreaDate>20161117</CreaDate><CreaTime>09241000</CreaTime><ArcGISFormat>1.0</ArcGISFormat><ArcGISstyle>XTools Pro Metadata</ArcGISstyle><SyncOnce>FALSE</SyncOnce><DataProperties><itemProps><itemName Sync="TRUE">clc2012eu25ha</itemName><itemSize Sync="TRUE">354.651</itemSize><itemLocation><linkage Sync="TRUE">file://\\kkg43\gispro\projekti\GIS_paivitys\datapaketit_internetpalveluun\Oiva_Corine\clc2012eu25ha\clc2012eu25ha.shp</linkage><protocol Sync="TRUE">Local Area Network</protocol></itemLocation><imsContentType Sync="TRUE">002</imsContentType><nativeExtBox><westBL Sync="TRUE">61686.160000</westBL><eastBL Sync="TRUE">732907.723000</eastBL><southBL Sync="TRUE">6605838.901000</southBL><northBL Sync="TRUE">7776450.217000</northBL><exTypeCode Sync="TRUE">1</exTypeCode></nativeExtBox></itemProps><coordRef><type Sync="TRUE">Projected</type><geogcsn Sync="TRUE">GCS_EUREF_FIN</geogcsn><csUnits Sync="TRUE">Linear Unit: Meter (1.000000)</csUnits><projcsn Sync="TRUE">EUREF_FIN_TM35FIN</projcsn><peXml Sync="TRUE">&lt;ProjectedCoordinateSystem xsi:type='typens:ProjectedCoordinateSystem' xmlns:xsi='http://www.w3.org/2001/XMLSchema-instance' xmlns:xs='http://www.w3.org/2001/XMLSchema' xmlns:typens='http://www.esri.com/schemas/ArcGIS/10.1'&gt;&lt;WKT&gt;PROJCS[&amp;quot;EUREF_FIN_TM35FIN&amp;quot;,GEOGCS[&amp;quot;GCS_EUREF_FIN&amp;quot;,DATUM[&amp;quot;D_ETRS_1989&amp;quot;,SPHEROID[&amp;quot;GRS_1980&amp;quot;,6378137.0,298.257222101]],PRIMEM[&amp;quot;Greenwich&amp;quot;,0.0],UNIT[&amp;quot;Degree&amp;quot;,0.0174532925199433]],PROJECTION[&amp;quot;Transverse_Mercator&amp;quot;],PARAMETER[&amp;quot;False_Easting&amp;quot;,500000.0],PARAMETER[&amp;quot;False_Northing&amp;quot;,0.0],PARAMETER[&amp;quot;Central_Meridian&amp;quot;,27.0],PARAMETER[&amp;quot;Scale_Factor&amp;quot;,0.9996],PARAMETER[&amp;quot;Latitude_Of_Origin&amp;quot;,0.0],UNIT[&amp;quot;Meter&amp;quot;,1.0],AUTHORITY[&amp;quot;EPSG&amp;quot;,3067]]&lt;/WKT&gt;&lt;XOrigin&gt;-5120900&lt;/XOrigin&gt;&lt;YOrigin&gt;-9998100&lt;/YOrigin&gt;&lt;XYScale&gt;450445547.3910538&lt;/XYScale&gt;&lt;ZOrigin&gt;-100000&lt;/ZOrigin&gt;&lt;ZScale&gt;10000&lt;/ZScale&gt;&lt;MOrigin&gt;-100000&lt;/MOrigin&gt;&lt;MScale&gt;10000&lt;/MScale&gt;&lt;XYTolerance&gt;0.001&lt;/XYTolerance&gt;&lt;ZTolerance&gt;0.001&lt;/ZTolerance&gt;&lt;MTolerance&gt;0.001&lt;/MTolerance&gt;&lt;HighPrecision&gt;true&lt;/HighPrecision&gt;&lt;WKID&gt;102139&lt;/WKID&gt;&lt;LatestWKID&gt;3067&lt;/LatestWKID&gt;&lt;/ProjectedCoordinateSystem&gt;</peXml></coordRef><lineage><Process Name="Copy Features (2)" ToolSource="c:\program files (x86)\arcgis\desktop10.2\ArcToolbox\Toolboxes\Data Management Tools.tbx\CopyFeatures" Date="20141118" Time="100311">CopyFeatures \\kkg43\gis\arcgis\tietokantayhteydet\sdereader_INSPIRE2_SqlProdGis.sde\INSPIRE2.GEO.SVW_GEO_CLC2012EU25HA \\kkg43\gispro\projekti\GIS_paivitys\datapaketit_internetpalveluun\Oiva_Corine\clc2012eu25ha\clc2012eu25ha.shp # 0 0 0</Process></lineage></DataProperties><SyncDate>20141118</SyncDate><SyncTime>11345600</SyncTime><ModDate>20141118</ModDate><ModTime>11345600</ModTime></Esri><eainfo><detailed Name="clc2012eu25ha"><enttyp><enttypl Sync="TRUE">clc2012eu25ha</enttypl><enttypt Sync="TRUE">Feature Class</enttypt><enttypc Sync="TRUE">162992</enttypc></enttyp><attr><attrlabl Sync="TRUE">FID</attrlabl><attalias Sync="TRUE">FID</attalias><attrtype Sync="TRUE">OID</attrtype><attwidth Sync="TRUE">4</attwidth><atprecis Sync="TRUE">0</atprecis><attscale Sync="TRUE">0</attscale><attrdef Sync="TRUE">Internal feature number.</attrdef><attrdefs Sync="TRUE">Esri</attrdefs><attrdomv><udom Sync="TRUE">Sequential unique whole numbers that are automatically generated.</udom></attrdomv></attr><attr><attrlabl Sync="TRUE">Shape</attrlabl><attalias Sync="TRUE">Shape</attalias><attrtype Sync="TRUE">Geometry</attrtype><attwidth Sync="TRUE">0</attwidth><atprecis Sync="TRUE">0</atprecis><attscale Sync="TRUE">0</attscale><attrdef Sync="TRUE">Feature geometry.</attrdef><attrdefs Sync="TRUE">Esri</attrdefs><attrdomv><udom Sync="TRUE">Coordinates defining the features.</udom></attrdomv></attr><attr><attrlabl Sync="TRUE">Luokka3</attrlabl><attalias Sync="TRUE">Luokka3</attalias><attrtype Sync="TRUE">String</attrtype><attwidth Sync="TRUE">3</attwidth><atprecis Sync="TRUE">0</atprecis><attscale Sync="TRUE">0</attscale></attr><attr><attrlabl Sync="TRUE">Level3</attrlabl><attalias Sync="TRUE">Level3</attalias><attrtype Sync="TRUE">Integer</attrtype><attwidth Sync="TRUE">5</attwidth><atprecis Sync="TRUE">5</atprecis><attscale Sync="TRUE">0</attscale></attr><attr><attrlabl Sync="TRUE">Level3Suo</attrlabl><attalias Sync="TRUE">Level3Suo</attalias><attrtype Sync="TRUE">String</attrtype><attwidth Sync="TRUE">50</attwidth><atprecis Sync="TRUE">0</atprecis><attscale Sync="TRUE">0</attscale></attr><attr><attrlabl Sync="TRUE">Level3Eng</attrlabl><attalias Sync="TRUE">Level3Eng</attalias><attrtype Sync="TRUE">String</attrtype><attwidth Sync="TRUE">100</attwidth><atprecis Sync="TRUE">0</atprecis><attscale Sync="TRUE">0</attscale></attr><attr><attrlabl Sync="TRUE">Level2</attrlabl><attalias Sync="TRUE">Level2</attalias><attrtype Sync="TRUE">Integer</attrtype><attwidth Sync="TRUE">5</attwidth><atprecis Sync="TRUE">5</atprecis><attscale Sync="TRUE">0</attscale></attr><attr><attrlabl Sync="TRUE">Level2Suo</attrlabl><attalias Sync="TRUE">Level2Suo</attalias><attrtype Sync="TRUE">String</attrtype><attwidth Sync="TRUE">60</attwidth><atprecis Sync="TRUE">0</atprecis><attscale Sync="TRUE">0</attscale></attr><attr><attrlabl Sync="TRUE">Level2Eng</attrlabl><attalias Sync="TRUE">Level2Eng</attalias><attrtype Sync="TRUE">String</attrtype><attwidth Sync="TRUE">50</attwidth><atprecis Sync="TRUE">0</atprecis><attscale Sync="TRUE">0</attscale></attr><attr><attrlabl Sync="TRUE">Level1</attrlabl><attalias Sync="TRUE">Level1</attalias><attrtype Sync="TRUE">Integer</attrtype><attwidth Sync="TRUE">5</attwidth><atprecis Sync="TRUE">5</atprecis><attscale Sync="TRUE">0</attscale></attr><attr><attrlabl Sync="TRUE">Level1Suo</attrlabl><attalias Sync="TRUE">Level1Suo</attalias><attrtype Sync="TRUE">String</attrtype><attwidth Sync="TRUE">45</attwidth><atprecis Sync="TRUE">0</atprecis><attscale Sync="TRUE">0</attscale></attr><attr><attrlabl Sync="TRUE">Level1Eng</attrlabl><attalias Sync="TRUE">Level1Eng</attalias><attrtype Sync="TRUE">String</attrtype><attwidth Sync="TRUE">30</attwidth><atprecis Sync="TRUE">0</atprecis><attscale Sync="TRUE">0</attscale></attr><attr><attrlabl Sync="TRUE">MuutosPvm</attrlabl><attalias Sync="TRUE">MuutosPvm</attalias><attrtype Sync="TRUE">Date</attrtype><attwidth Sync="TRUE">8</attwidth><atprecis Sync="TRUE">0</atprecis><attscale Sync="TRUE">0</attscale></attr><attr><attrlabl Sync="TRUE">Shape_area</attrlabl><attalias Sync="TRUE">Shape_area</attalias><attrtype Sync="TRUE">Double</attrtype><attwidth Sync="TRUE">19</attwidth><atprecis Sync="TRUE">0</atprecis><attscale Sync="TRUE">0</attscale><attrdef Sync="TRUE">Area of feature in internal units squared.</attrdef><attrdefs Sync="TRUE">Esri</attrdefs><attrdomv><udom Sync="TRUE">Positive real numbers that are automatically generated.</udom></attrdomv></attr><attr><attrlabl Sync="TRUE">Shape_len</attrlabl><attalias Sync="TRUE">Shape_len</attalias><attrtype Sync="TRUE">Double</attrtype><attwidth Sync="TRUE">19</attwidth><atprecis Sync="TRUE">0</atprecis><attscale Sync="TRUE">0</attscale></attr></detailed></eainfo><mdLang xmlns:xsi="http://www.w3.org/2001/XMLSchema-instance"><languageCode value="fin">suomi</languageCode><countryCode value="FIN" Sync="TRUE"></countryCode></mdLang><mdChar xmlns:xsi="http://www.w3.org/2001/XMLSchema-instance"><CharSetCd value="004">utf8</CharSetCd></mdChar><mdHrLv xmlns:xsi="http://www.w3.org/2001/XMLSchema-instance"><ScopeCd value="005">tietoaineisto</ScopeCd></mdHrLv><mdContact xmlns:xsi="http://www.w3.org/2001/XMLSchema-instance"><rpOrgName>Suomen ympäristökeskus</rpOrgName><role><RoleCd value="007">yhteyshenkilö</RoleCd></role><rpCntInfo><cntAddress><delPoint>PL 140</delPoint><city>HELSINKI</city><postCode>00251</postCode><eMailAdd>gistuki.syke@ymparisto.fi</eMailAdd></cntAddress><cntPhone><voiceNum>0295 251 000 (vaihde)</voiceNum></cntPhone></rpCntInfo></mdContact><distInfo xmlns:xsi="http://www.w3.org/2001/XMLSchema-instance"><distributor><distorTran><onLineSrc><orDesc value="002">ladattava aineisto</orDesc><OnLinkage>http://www.ymparisto.fi/oiva</OnLinkage></onLineSrc></distorTran><distorFormat><formatVer>3.x</formatVer><checkValue>True</checkValue><formatName>ESRI shapefile</formatName><formatName value="ESRI shapefile, 3.x">ESRI shapefile, 3.x</formatName><formatName value="GeoTiff">GeoTiff</formatName></distorFormat><distorCont><checkValue>True</checkValue></distorCont></distributor><distFormat><formatName Sync="TRUE">Shapefile</formatName></distFormat><distTranOps><transSize Sync="TRUE">354.651</transSize></distTranOps></distInfo><dataIdInfo xmlns:xsi="http://www.w3.org/2001/XMLSchema-instance"><dataLang><languageCode value="eng">suomi</languageCode><countryCode value="FIN" Sync="TRUE"></countryCode></dataLang><idCitation><resAltTitle>Corine maanpeite 2012</resAltTitle><resEdDate>2014-11-11</resEdDate><resRefDate><refDate>2014-11-11</refDate><refDateType><DateTypCd value="003">Päivitys</DateTypCd></refDateType></resRefDate><resRefDate><refDate>2014-11-11</refDate><refDateType><DateTypCd value="001">Luonti</DateTypCd></refDateType></resRefDate><resRefDate><refDate>2014-11-11</refDate><refDateType><DateTypCd value="002">Julkaisu</DateTypCd></refDateType></resRefDate><citId>1002025</citId><citIdType>FI</citIdType><citRespParty><rpOrgName>Suomen ympäristökeskus</rpOrgName><role><RoleCd value="003">omistaja</RoleCd></role><rpCntInfo><cntAddress><delPoint>PL 140</delPoint><city>HELSINKI</city><postCode>00251</postCode><eMailAdd>gistuki.syke@ymparisto.fi</eMailAdd></cntAddress><cntPhone><voiceNum>0295 251 000 (vaihde)</voiceNum></cntPhone></rpCntInfo></citRespParty><resTitle Sync="TRUE">clc2012eu25ha</resTitle><presForm><PresFormCd value="005" Sync="TRUE"></PresFormCd></presForm></idCitation><dataExt><tempEle><TempExtent><exTemp><TM_GeometricPrimitive><TM_Period><begin>2012-01-01</begin></TM_Period></TM_GeometricPrimitive></exTemp></TempExtent></tempEle><geoEle/></dataExt><geoBox><westBL>15.608233</westBL><eastBL>33.107629</eastBL><northBL>70.094846</northBL><southBL>59.362055</southBL></geoBox><geoBox><westBL>15.608233</westBL><eastBL>33.107629</eastBL><northBL>70.094846</northBL><southBL>59.362055</southBL></geoBox><idStatus><ProgCd value="001">valmis</ProgCd></idStatus><idAbs>CORINE Land Cover 2012 kuvaa koko Suomen maankäyttöä ja maanpeitettä vuonna 2012. SYKEssä EU:n Copernicus Gioland-hankkeessa tuotettiin Suomen alueelta maanpeiteaineistot sekä laadittiin maanpeitteen muutoksia välillä 2006-2012 kuvaavat aineistot. Aineistot luotiin kahdella tarkkuustasolla: EU-vaatimusten mukaisesti ja kansalliseen käyttöön. Aineisto koostuu rasterimuotoisesta paikkatietokannasta (erotuskyky 20 * 20 m) ja vektorimuotoisesta paikkatietokannasta, jossa pienin maastossa erottuva alue on vähintään 25 ha ja kapeimmillaan 100 metriä.
Kansallisen muutosaineiston 2006-2012 pienin kuvio on 0,5 ha ja eurooppalaisen 5 ha.
  Suoria pikselien vertailuja vuoteen 2006 ei suositella tekemään vaan muutokset kannattaa hakea muutosaineistosta.   
Aineisto on tuotettu SYKEssä olemassa oleviin paikkatietoaineistoihin sekä satelliittikuvatulkintaan perustuen. Vektoriaineisto tuotettiin yleistämällä rasteriaineistoa EEA:n CORINE-sääntöjen mukaan.

Vektoriaineistoissa maankäyttöä/maanpeitettä kuvataan kolmitasoisella hierarkisella luokittelulla. Viisi  pääluokkaa (rakennetut alueet; maatalousalueet;  metsät sekä avoimet kankaat ja kalliomaat; kosteikot ja avoimet suot sekä vesialueet) jaetaan toisella tasolla yhteensä 15 alaluokkaan.. Kolmannella luokittelutasolla pääluokat jaetaan yhteensä 44 alaluokkaan. Rasteriaineistossa on joidenkin luokkien kohdalla vielä neljännen tason kansallisia luokkia.</idAbs><idPurp>Vektoriaineisto, jossa minimikuviokoko on 25 ha/muutos 5 ha, on tuotettu Euroopan ympäristövirastolle. Tarkempi 20 m resoluutiolla oleva rasteriaineisto ja 1 ha muutosaineisto on tarkoitettu kansalliseen käyttöön kuvaamaan maanpeitettä/maankäyttöä. Aineistoja voidaan käyttää paikkatietoanalyysien lisäksi myös taustakarttoina. Lähtöaineistojen tarkkuus ja tuotantomenetelmät saattavat vaihdella vuodesta toiseen ja myös pikselikoko eroaa, joten suora muutosvertailu vuoden 2006 aineistoon ei toimi, vaan on käytettävä erillistä muutostulkintaa.</idPurp><tpCat><TopicCatCd value="007">ympäristö</TopicCatCd></tpCat><descKeys><keyTyp><KeyTypCd value="005">Teema</KeyTypCd></keyTyp><keyword>Maapeite</keyword><thesaName><resTitle>GEMET - INSPIRE themes, version 1.0</resTitle><Citation><resRefDate><DateRef><refDate>2008-06-01</refDate><refDateType><DateTypCd value="002">julkaisu</DateTypCd></refDateType></DateRef></resRefDate></Citation></thesaName></descKeys><descKeys><keyTyp><KeyTypCd value="005">Teema</KeyTypCd></keyTyp><keyword>maankäyttö</keyword><keyword>ympäristön seuranta</keyword><thesaName><Citation><resRefDate><DateRef><refDate>2012-07-20</refDate><refDateType><DateTypCd value="002">julkaisu</DateTypCd></refDateType></DateRef></resRefDate></Citation></thesaName></descKeys><descKeys><keyTyp><KeyTypCd value="005">Teema</KeyTypCd></keyTyp><keyword>biologismaantieteelliset rajat</keyword><thesaName><resTitle>SYKEn teemaluokittelu</resTitle><Citation><resRefDate><DateRef><refDate>2004-11-01</refDate><refDateType><DateTypCd value="002">julkaisu</DateTypCd></refDateType></DateRef></resRefDate></Citation></thesaName></descKeys><descKeys><keyTyp><KeyTypCd value="005">Teema</KeyTypCd></keyTyp><keyword>maankäyttöluokitus</keyword><thesaName><resTitle>Paikkatietohakemiston hakusanasto</resTitle><Citation><resRefDate><DateRef><refDate>2006-11-15</refDate><refDateType><DateTypCd value="002">julkaisu</DateTypCd></refDateType></DateRef></resRefDate></Citation></thesaName></descKeys><descKeys><keyTyp><KeyTypCd value="001">Ala</KeyTypCd></keyTyp></descKeys><descKeys><keyTyp><KeyTypCd value="002">Paikka</KeyTypCd></keyTyp></descKeys><descKeys><keyTyp><KeyTypCd value="003">Esiintymä</KeyTypCd></keyTyp></descKeys><descKeys><keyTyp><KeyTypCd value="004">Aikajakso</KeyTypCd></keyTyp></descKeys><resConst><Consts><useLimit>Aineiston omistus- ja immateriaalioikeudet säilyvät ympäristöhallinnon viranomaisella, ja käyttäjä saa aineistoon alla mainitun rinnakkaisen käyttöoikeuden. Käyttöoikeutta ei saa luovuttaa kolmannelle. Aineistoa saa käyttää seuraavalla tavalla: 
Aineistosta saa valmistaa kappaleita millä tahansa tekniikalla, kuten tulostaa sitä tai tallentaa sitä omiin tiedostoihin. Aineistoa saa saattaa yleisön saataviin millä tahansa tavalla. Aineistoa käytettäessä on aina mainittava tiedon lähteenä luovutetun aineiston mukana toimitettu tieto lähteestä sekä aineiston luovuttamisen ajankohta. 
Käyttöoikeus on voimassa toistaiseksi.
Lupatekstit 
kansalliselle aineistolle (20 m, 0,5 ha)
© ) © SYKE (osittain © Metla, MAVI, LIVI, VRK, MML Maastotietokanta 05/2012) 
ja EU-aineistolle (25 ha, 5 ha) © SYKE, EEA</useLimit></Consts><LegConsts><accessConsts><RestrictCd value="005">lisenssi</RestrictCd></accessConsts><useConsts><RestrictCd value="005">lisenssi</RestrictCd></useConsts><othConsts>Ks. Saatavuus- ja käyttöehdot</othConsts></LegConsts><SecConsts><class><ClasscationCd value="001">julkinen</ClasscationCd></class></SecConsts></resConst><resMaint><maintFreq><MaintFreqCd value="009">tarvittaessa</MaintFreqCd></maintFreq><maintScp><ScopeCd value="005">tietoaineisto</ScopeCd></maintScp></resMaint><dataScale><equScale><rfDenom>100000</rfDenom></equScale></dataScale><idCredit><CreditCd value="013">Liikenne- ja viesintäministeriö</CreditCd><CreditCd value="018">Maanmittauslaitos</CreditCd><CreditCd value="022">Metsäntutkimuslaitos</CreditCd><CreditCd value="037">Ympäristöministeriö</CreditCd><CreditCd value="100">EEA, MAVI, VRK</CreditCd></idCredit><crossref><citeinfo><onlink>http://www.syke.fi/fi-FI/Tutkimus__kehittaminen/Tutkimus_ja_kehittamishankkeet/Hankkeet/Maankaytto_ja_maanpeiteaineistojen_tuottaminen_CORINE_Land_Cover_2012_hankkeessa/Maankaytto_ja_maanpeiteaineistojen_tuott%289085%29</onlink><onlink>http://geoportal.ymparisto.fi/meta/julkinen/dokumentit/CorineMaanpeite2012.pdf</onlink><onlink>http://geoportal.ymparisto.fi/meta/julkinen/dokumentit/CorineMaanpeite2012Luokat.xls</onlink><onlink>http://geoportal.ymparisto.fi/meta/julkinen/dokumentit/CorineMaanpeite2012Luokkakuvaus.pdf</onlink></citeinfo></crossref><GraphOver><bgFileName>http://geoportal.ymparisto.fi/meta/julkinen/kuvat/CorineLandCover2012.gif</bgFileName></GraphOver><envirDesc Sync="TRUE">Microsoft Windows Server 2008 R2 Version 6.1 (Build 7601) Service Pack 1; Esri ArcGIS 10.2.1.3497</envirDesc><spatRpType><SpatRepTypCd value="001" Sync="TRUE"></SpatRepTypCd></spatRpType><dataExt><geoEle><GeoBndBox esriExtentType="search"><exTypeCode Sync="TRUE">1</exTypeCode><westBL Sync="TRUE">15.608233</westBL><eastBL Sync="TRUE">33.107629</eastBL><northBL Sync="TRUE">70.094846</northBL><southBL Sync="TRUE">59.362055</southBL></GeoBndBox></geoEle></dataExt></dataIdInfo><dqInfo xmlns:xsi="http://www.w3.org/2001/XMLSchema-instance"><dataLineage><statement>CLC2012-luokkien muodostamiseen on käytetty useita eri paikkatietoaineistoja, tärkeimpinä Maastotietokanta, Digiroad, Rakennus- ja huoneistorekisteri, peltolohkot vallitsevan kasvin mukaan, CLC2000 ja CLC2006. Paikkatietoaineistoista saatu maankäyttö ja maaperätieto yhdistettiin satelliittikuvilta tulkittuihin maanpeitetietoihin.  CLC2012-aineiston tuottamisessa käytetty IMAGE2012 satelliittikuvamosaiikki koostuu IRS, LISS ja RapidEye satelliittikuvista. Tulkinnassa hyödynnettiin lisäksi mm. VMI2011-aineistoa, Metsähallituksen biotooppiaineistoa, digitaalista korkeusmallia ja maaperää kuvaavia teemoja Maastotietokannasta.   Lisäksi muutamia luokkia tulkittiin satelliittikuvilta manuaalisesti digitoimalla, kuten golfkentät.         Lopputuloksena saatiin rasterimuotoinen paikkatietoaineisto 20 metrin pikselikoolla.</statement></dataLineage><dqReport><DQDomConsis><measResult><ConResult><conPass>false</conPass></ConResult></measResult></DQDomConsis></dqReport></dqInfo><refSysInfo xmlns:xsi="http://www.w3.org/2001/XMLSchema-instance"><RefSystem><refSysID><identCode value="ETRS-TM35FIN: 3067">ETRS-TM35FIN: 3067</identCode><identAuth><citIdType>EPSG</citIdType></identAuth><idCodeSpace Sync="TRUE">EPSG</idCodeSpace><idVersion Sync="TRUE">8.2.6</idVersion></refSysID></RefSystem></refSysInfo><mdHrLvName Sync="TRUE">dataset</mdHrLvName><spatRepInfo><VectSpatRep><geometObjs Name="clc2012eu25ha"><geoObjTyp><GeoObjTypCd value="002" Sync="TRUE"></GeoObjTypCd></geoObjTyp><geoObjCnt Sync="TRUE">162992</geoObjCnt></geometObjs><topLvl><TopoLevCd value="001" Sync="TRUE"></TopoLevCd></topLvl></VectSpatRep></spatRepInfo><spdoinfo><ptvctinf><esriterm Name="clc2012eu25ha"><efeatyp Sync="TRUE">Simple</efeatyp><efeageom code="4" Sync="TRUE"></efeageom><esritopo Sync="TRUE">FALSE</esritopo><efeacnt Sync="TRUE">162992</efeacnt><spindex Sync="TRUE">TRUE</spindex><linrefer Sync="TRUE">FALSE</linrefer></esriterm></ptvctinf></spdoinfo><mdDateSt Sync="TRUE">20141118</mdDateSt></metadata>
